{
  "indexes": [
    {
      "collectionGroup": "products",
      "queryScope": "COLLECTION",
      "fields": [
        {
          "fieldPath": "productVariantId",
          "order": "ASCENDING"
        },
        {
          "fieldPath": "status",
          "order": "ASCENDING"
        }
      ]
    },
    {
      "collectionGroup": "products",
      "queryScope": "COLLECTION",
      "fields": [
        {
          "fieldPath": "imei",
          "order": "ASCENDING"
        }
      ]
    },
    {
      "collectionGroup": "products",
      "queryScope": "COLLECTION",
      "fields": [
        {
          "fieldPath": "status",
          "order": "ASCENDING"
        },
        {
          "fieldPath": "importDate",
          "order": "DESCENDING"
        }
      ]
    },
    {
      "collectionGroup": "productVariants",
      "queryScope": "COLLECTION",
      "fields": [
        {
          "fieldPath": "isActive",
          "order": "ASCENDING"
        },
        {
          "fieldPath": "modelName",
          "order": "ASCENDING"
        }
      ]
    },
    {
      "collectionGroup": "productVariants",
      "queryScope": "COLLECTION",
      "fields": [
        {
          "fieldPath": "sku",
          "order": "ASCENDING"
        }
      ]
    },
    {
      "collectionGroup": "sales",
      "queryScope": "COLLECTION",
      "fields": [
        {
          "fieldPath": "saleDate",
          "order": "DESCENDING"
        },
        {
          "fieldPath": "status",
          "order": "ASCENDING"
        }
      ]
    },
    {
      "collectionGroup": "sales",
      "queryScope": "COLLECTION",
      "fields": [
        {
          "fieldPath": "salesStaffId",
          "order": "ASCENDING"
        },
        {
          "fieldPath": "saleDate",
          "order": "DESCENDING"
        }
      ]
    },
    {
      "collectionGroup": "sales",
      "queryScope": "COLLECTION",
      "fields": [
        {
          "fieldPath": "orderNumber",
          "order": "ASCENDING"
        }
      ]
    },
    {
      "collectionGroup": "returns",
      "queryScope": "COLLECTION",
      "fields": [
        {
          "fieldPath": "returnDate",
          "order": "DESCENDING"
        },
        {
          "fieldPath": "status",
          "order": "ASCENDING"
        }
      ]
    },
    {
      "collectionGroup": "returns",
      "queryScope": "COLLECTION",
      "fields": [
        {
          "fieldPath": "originalSaleId",
          "order": "ASCENDING"
        }
      ]
    },
    {
      "collectionGroup": "purchaseOrders",
      "queryScope": "COLLECTION",
      "fields": [
        {
          "fieldPath": "status",
          "order": "ASCENDING"
        },
        {
          "fieldPath": "orderDate",
          "order": "DESCENDING"
        }
      ]
    },
    {
      "collectionGroup": "stockMovements",
      "queryScope": "COLLECTION",
      "fields": [
        {
          "fieldPath": "productId",
          "order": "ASCENDING"
        },
        {
          "fieldPath": "createdAt",
          "order": "DESCENDING"
        }
      ]
    },
    {
      "collectionGroup": "stockMovements",
      "queryScope": "COLLECTION",
      "fields": [
        {
          "fieldPath": "imei",
          "order": "ASCENDING"
        },
        {
          "fieldPath": "createdAt",
          "order": "DESCENDING"
        }
      ]
    },
    {
      "collectionGroup": "stockMovements",
      "queryScope": "COLLECTION",
      "fields": [
        {
          "fieldPath": "movementType",
          "order": "ASCENDING"
        },
        {
          "fieldPath": "createdAt",
          "order": "DESCENDING"
        }
      ]
    }
  ],
  "fieldOverrides": [
    {
      "collectionGroup": "products",
      "fieldPath": "imei",
      "indexes": [
        {
          "order": "ASCENDING",
          "queryScope": "COLLECTION"
        }
      ]
    },
    {
      "collectionGroup": "productVariants",
      "fieldPath": "sku",
      "indexes": [
        {
          "order": "ASCENDING",
          "queryScope": "COLLECTION"
        }
      ]
    },
    {
      "collectionGroup": "sales",
      "fieldPath": "orderNumber",
      "indexes": [
        {
          "order": "ASCENDING",
          "queryScope": "COLLECTION"
        }
      ]
    }
  ]
}